--
-- COPYRIGHT Ericsson 2022
--
-- The copyright to the computer program(s) herein is the property of
-- Ericsson Inc. The programs may be used and/or copied only with written
-- permission from Ericsson Inc. or in accordance with the terms and
-- conditions stipulated in the agreement/contract under which the
-- program(s) have been supplied.
--

DROP TABLE IF EXISTS dim_table_0;
DROP TABLE IF EXISTS dim_table_1;
DROP TABLE IF EXISTS dim_table_2;

CREATE TABLE IF NOT EXISTS "dim_table_0" ("agg_column_0" BIGINT, "stringColumn0" VARCHAR(255), "integerColumn0" INTEGER, "integerColumn1" INTEGER, PRIMARY KEY ("agg_column_0"));
CREATE TABLE IF NOT EXISTS "dim_table_1" ("agg_column_0" BIGINT, "agg_column_1" BIGINT, "agg_column_2" BIGINT, "booleanColumn0" BOOLEAN, PRIMARY KEY ("agg_column_0", "agg_column_1", "agg_column_2"));
CREATE TABLE IF NOT EXISTS "dim_table_2" ("agg_column_0" BIGINT, "agg_column_1" BIGINT, PRIMARY KEY ("agg_column_0", "agg_column_1"));

INSERT INTO dim_table_0 ("agg_column_0", "stringColumn0", "integerColumn0", "integerColumn1") VALUES
('0',  'STRING_VALUE_0', 2, 10000),
('1',  'STRING_VALUE_0', 2, 10000),
('2',  'STRING_VALUE_0', 2, 10000),
('3',  'STRING_VALUE_0', 2, 10000),
('4',  'STRING_VALUE_0', 2, 10000),
('5',  'STRING_VALUE_0', 2, 10000),
('6',  'STRING_VALUE_0', 2, 10000),
('7',  'STRING_VALUE_0', 2, 10000),
('8',  'STRING_VALUE_0', 2, 10000),
('9',  'STRING_VALUE_0', 2, 10000),
('10', 'STRING_VALUE_0', 2, 10000),
('11', 'STRING_VALUE_0', 2, 10000),
('12', 'STRING_VALUE_0', 2, 10000),
('13', 'STRING_VALUE_0', 2, 10000),
('14', 'STRING_VALUE_0', 2, 10000),
('15', 'STRING_VALUE_0', 2, 10000),
('16', 'STRING_VALUE_0', 2, 10000),
('17', 'STRING_VALUE_0', 2, 10000),
('18', 'STRING_VALUE_0', 2, 10000),
('19', 'STRING_VALUE_0', 2, 10000),
('20', 'STRING_VALUE_0', 2, 10000),
('21', 'STRING_VALUE_0', 2, 10000),
('22', 'STRING_VALUE_0', 2, 10000),
('23', 'STRING_VALUE_0', 2, 10000),
('24', 'STRING_VALUE_0', 2, 10000),
('25', 'STRING_VALUE_0', 2, 10000),
('26', 'STRING_VALUE_0', 2, 10000),
('27', 'STRING_VALUE_0', 2, 10000),
('28', 'STRING_VALUE_0', 2, 10000),
('29', 'STRING_VALUE_0', 2, 10000),
('30', 'STRING_VALUE_0', 2, 10000),
('31', 'STRING_VALUE_0', 2, 10000),
('32', 'STRING_VALUE_0', 2, 10000),
('33', 'STRING_VALUE_0', 2, 10000),
('34', 'STRING_VALUE_0', 2, 10000),
('35', 'STRING_VALUE_0', 2, 10000),
('36', 'STRING_VALUE_0', 2, 20000),
('37', 'STRING_VALUE_0', 2, 20000),
('38', 'STRING_VALUE_0', 2, 20000),
('39', 'STRING_VALUE_0', 2, 20000),
('40', 'STRING_VALUE_0', 2, 20000),
('41', 'STRING_VALUE_0', 2, 20000),
('42', 'STRING_VALUE_0', 2, 20000),
('43', 'STRING_VALUE_0', 2, 20000),
('44', 'STRING_VALUE_0', 2, 20000),
('45', 'STRING_VALUE_0', 2, 20000),
('46', 'STRING_VALUE_0', 2, 20000),
('47', 'STRING_VALUE_0', 2, 20000),
('48', 'STRING_VALUE_0', 2, 20000),
('49', 'STRING_VALUE_0', 2, 20000),
('50', 'STRING_VALUE_0', 2, 20000),
('51', 'STRING_VALUE_0', 2, 20000),
('52', 'STRING_VALUE_0', 2, 20000),
('53', 'STRING_VALUE_0', 2, 20000),
('54', 'STRING_VALUE_0', 2, 20000),
('55', 'STRING_VALUE_0', 2, 20000),
('56', 'STRING_VALUE_0', 2, 20000),
('57', 'STRING_VALUE_0', 2, 20000),
('58', 'STRING_VALUE_0', 2, 20000),
('59', 'STRING_VALUE_0', 2, 20000),
('60', 'STRING_VALUE_0', 2, 20000),
('61', 'STRING_VALUE_0', 2, 20000),
('62', 'STRING_VALUE_0', 2, 20000),
('63', 'STRING_VALUE_0', 2, 20000),
('64', 'STRING_VALUE_0', 2, 20000),
('65', 'STRING_VALUE_0', 2, 20000),
('66', 'STRING_VALUE_0', 2, 20000),
('67', 'STRING_VALUE_0', 2, 20000),
('68', 'STRING_VALUE_0', 2, 20000),
('69', 'STRING_VALUE_0', 2, 20000),
('70', 'STRING_VALUE_0', 2, 20000);

------------------------------------------------------------------------------------------------------------------------

INSERT INTO dim_table_1 ("agg_column_0","agg_column_1","agg_column_2", "booleanColumn0") VALUES
('500', '100', '52',  false),
('501', '79',  '129', false),
('502', '89',  '138', false),
('503', '72',  '110', false),
('504', '72',  '113', false),
('505', '102', '146', false),
('506', '84',  '134', false),
('507', '73',  '28',  true),
('508', '73',  '111', false),
('509', '73',  '126', false),
('510', '90',  '140', true),
('511', '90',  '139', true),
('512', '85',  '27',  true),
('513', '87',  '136', false),
('514', '83',  '133', false),
('515', '51',  '38',  false),
('516', '80',  '130', false),
('517', '105', '148', false),
('518', '101', '4',   false),
('519', '99',  '144', false),
('520', '28',  '111', false),
('521', '28',  '123', false),
('522', '21',  '72',  false),
('523', '21',  '75',  false),
('524', '81',  '131', false),
('525', '95',  '119', false),
('526', '79',  '145', false),
('527', '95',  '34',  false),
('528', '35',  '7',   false),
('529', '108', '119', false),
('530', '75',  '42',  true),
('531', '93',  '142', true),
('532', '107', '151', false),
('533', '103', '147', false),
('534', '106', '149', false),
('535', '52',  '109', false),
('536', '52',  '11',  false),
('537', '52',  '32',  false),
('538', '76',  '118', false),
('539', '72',  '114', false),
('540', '86',  '135', false),
('541', '98',  '143', false),
('542', '34',  '118', false),
('543', '34',  '108', false),
('544', '21',  '114', false),
('545', '21',  '124', false),
('546', '21',  '127', false),
('547', '21',  '122', false),
('548', '34',  '35',  false),
('549', '72',  '21',  false),
('550', '97',  '98',  false),
('551', '82',  '132', false),
('552', '74',  '63',  false),
('553', '74',  '116', false),
('554', '74',  '31',  false),
('555', '74',  '113', false),
('556', '74',  '112', false),
('557', '21',  '31',  false),
('558', '104', '150', false),
('559', '88',  '137', false),
('560', '96',  '152', false),
('561', '75',  '72',  false),
('562', '75',  '109', false),
('563', '75',  '51',  false),
('564', '75',  '115', false),
('565', '104', '121', true);

------------------------------------------------------------------------------------------------------------------------

INSERT INTO dim_table_2 ("agg_column_0","agg_column_1") VALUES
('1',  '1'),
('2',  '1'),
('3',  '1'),
('19', '4'),
('4',  '4'),
('9',  '4'),
('5',  '2'),
('5',  '3'),
('6',  '2'),
('6',  '3');